verna, Dr. Torrance Hammes, 24, Lake Audrafurt, US
seth, Sedrick Lang DDS, 53, East Izaiah, SR
marcelina, Lura Koss, 72, Yundtmouth, PR
sonya, Joanie Collier DDS, 46, Blockview, TH
everett, Eloise Oberbrunner, 58, East Vicente, AE
jaycee, Giovanny Corwin, 31, Veumside, FO
zoie_goodwin, Danika Huel, 62, South Teresa, VG
montana.stroman, Moshe Padberg, 31, Goodwinland, MH
arielle, Mrs. Tressie Beer, 31, Evanmouth, GS
tracy, Caroline Lebsack, 40, Lake Domingo, JE
lillian, Miss Orin Cole, 50, Sporerhaven, BN
kayleigh, Mr. George Batz, 54, Ebertberg, KH
darrell_wuckert, Mrs. Carleton Keebler, 46, East Jerome, CO
pete, Leo Rippin, 32, East Linneachester, MN
shayne, Miss Toy Bogisich, 69, Moisesland, PF
maggie_gerlach, Mrs. Stephanie Walsh, 63, Bartolettiberg, CK
aliyah.okon, Milford Gorczany, 59, Murrayport, YT
jeica, Hassan Fadel, 57, Kuhicville, PT
jalyn, Katarina Cronin, 57, Handmouth, BZ
vena.hermann, Daisy Towne, 48, Lake Addisonville, SN
daron.prohaska, Moriah Rosenbaum, 68, Hodkiewiczburgh, BB
priscilla_blanda, Randal Bosco, 38, New Keenan, BG
weston, Miss Minnie Weissnat, 80, Bettiefort, PG
thurman, Miss Brooke Effertz, 36, South Niko, RU
carmela_oconnell, Marjory Wisozk, 58, East Eula, LT
hyman_franecki, Dr. Christopher Turcotte, 67, Willieside, MH
genoveva, Coralie Parker, 71, Port Garthburgh, MQ
chandler, Ms. Fanny Wunsch, 68, Connmouth, ER
woodrow, Prince Toy, 50, Christton, TK
clemmie_bradtke, Marian Weber, 33, Krajcikview, LU
marc_jakubowski, Ms. Alia Wiza, 51, Lysannefurt, UG
lolita, Nasir Shanahan, 51, Lake Blair, GF
hailee.ritchie, Mrs. Jana Russel, 52, Torphystad, SN
ambrose_reynolds, Daija Dibbert, 30, Wisozkmouth, VN
sigmund, Tabitha Bradtke, 53, Eulashire, KW
mandy, Chasity Brekke, 68, Stromantown, BT
alexandra.feeney, Destinee Kautzer, 27, New Uriel, VA
gladyce, Domingo Connelly, 51, Stantonmouth, BI
brian.greenfelder, Collin Dickens, 60, Adatown, LR
marina, Ismael Mills, 52, Jasenport, BQ
jany, Allan VonRueden I, 30, Lake Gabriel, SL
piper, Karina Waelchi, 31, Schoenchester, JM
rogers, Angelo Kreiger, 77, Eraberg, LT
pauline_schaefer, Favian Toy, 40, Lake Bobbie, PL
brandt_anderson, Mrs. Amir Deckow, 37, North Jarontown, BJ
guadalupe, Ms. Arch Boyle, 46, West Marvinview, CM
onie, Micaela Medhurst, 65, South Santos, CH
lora, Crystel Wiza, 80, South Danial, MT
demarco_kunze, Christophe Lind II, 64, Alexandrehaven, AL
andrew.emard, Ms. Abdiel Thompson, 51, Eliezerhaven, GD
trystan.conroy, Brooke Strosin Sr., 55, Mosesland, SJ
ryan, Ms. Armando Gislason, 71, Alfredmouth, IL
jeramy, Carolanne Pfeffer, 59, New Edwinstad, GR
frances, Neha Price, 38, East Graycefort, PR
josefa.casper, Allene Walker, 46, Klockoberg, IT
willis.lindgren, Zachariah Johns, 26, East Quincyton, HK
aniyah, Shane Walsh, 41, Purdymouth, MK
hailee_damore, Mr. Jacynthe Rogahn, 40, East Marcel, MK
lucienne_mclaughlin, Miss Ludwig Price, 45, Uptonbury, WS
saige.hoppe, Maegan Sanford, 77, East Ava, NF
eldora_lehner, Jake Davis, 57, New Bertramton, CI
darlene, Mr. Shyann Bogan, 58, Port Shaunborough, LB
deonte, Noemie Schulist, 64, Bashirianfort, HT
moie, Vallie Keebler, 50, Lake Freemanmouth, LR
nigel, Alexander Kautzer, 58, Victorview, HR
toney, Vernice Conroy, 41, Hintzview, SL
lester_fisher, Emilia Pollich MD, 68, East Tia, BF
brannon, Ms. Aileen Cummings, 59, Marvinberg, CY
theron, Jamel Strosin, 64, Goldnertown, TV
zachariah_legros, Elta Fay, 27, West Pearl, TK
davion_kerluke, Mr. Roy Metz, 27, West Robertofort, CZ
nellie, Hilda Heidenreich, 64, North Antoniettaton, SH
freddie_anderson, Anabelle Zboncak, 70, Torreyside, FR
bettie.nolan, Gregoria Cruickshank V, 52, Lillychester, MK
charles, Joany Legros, 40, New Cliftonview, LK
green_ortiz, Morton Rutherford V, 58, Verlamouth, SJ
grace.walter, Cora Jakubowski, 34, West Connieberg, ZA
kory, Gretchen Harris, 25, Effertzbury, FI
ashton_schumm, Wanda Thompson, 24, Mathewton, BQ
jimmie, Emilia Reynolds, 64, Osinskistad, VU
marisol_prohaska, Elena Macejkovic V, 36, Swiftfurt, NO
julio, Mylene Crona DDS, 74, Nikolausmouth, IS
lilla, Carli Pacocha II, 41, Doyleville, DZ
brennon.romaguera, Laney Willms, 26, Hagenesfurt, TV
ted.volkman, Kaylin Reichel, 60, North Christophermouth, YE
liliane, Orin Kling, 46, Julianneview, CW
elaina, Gina Willms, 59, South Elmerfort, MP
orville, Charley Greenholt MD, 53, North Vivianfurt, VU
evie, Lori Robel, 24, Jenkinston, MH
christop, Carol DuBuque, 25, West Cameronmouth, FK
dora.murazik, Mr. Brain Kunze, 78, Mayertport, ER
delphine, Miss Pearline Grady, 29, Lake Alisashire, FR
oleta.wyman, Ms. Jessie Marks, 75, Lake Melvinmouth, CC
markus, Dr. Domenick Waters, 78, New Cathryn, GB
thora, Dr. Deven Schuppe, 75, Mohammedstad, PA
joany, Kelley West, 73, Pagacberg, MP
jamey, Mr. Loma Weimann, 61, Pfeffermouth, NO
erna_treutel, Reuben Glover, 69, North Marian, NF
scarlett_armstrong, Mr. Moshe Wunsch, 41, Beahanmouth, MM
jeffery.stehr, Joany Heathcote, 25, Charityton, CV
